{
  "train_steps": [
    1,
    2,
    3,
    4,
    5,
    6,
    7,
    8,
    9,
    10,
    25,
    50,
    75,
    100,
    125,
    150,
    175,
    200,
    225,
    250,
    275,
    300,
    325,
    350,
    375,
    400,
    425,
    450,
    475,
    500,
    525,
    550,
    575,
    600
  ],
  "train_loss": [
    6.9303,
    11.4379,
    9.9336,
    8.2568,
    7.0659,
    6.5292,
    6.0886,
    6.0391,
    6.0048,
    5.9578,
    4.7908,
    3.7764,
    3.5119,
    3.322,
    3.2239,
    3.1598,
    2.9862,
    2.89,
    2.8725,
    2.814,
    2.7196,
    2.6848,
    2.6979,
    2.6805,
    2.6858,
    2.4501,
    2.5756,
    2.5557,
    2.5682,
    2.5369,
    2.5932,
    2.4164,
    2.4672,
    2.5312
  ],
  "train_times": [
    43.243461,
    43.74399,
    44.262496,
    44.762816,
    45.264765,
    45.767325,
    46.270838,
    46.771199,
    47.271804,
    47.774158,
    55.187365,
    67.546171,
    97.006388,
    109.369615,
    138.828,
    151.202138,
    180.647112,
    193.300437,
    222.745742,
    235.104082,
    264.546428,
    276.902544,
    306.342163,
    318.69868,
    348.141461,
    360.940573,
    390.395819,
    402.752646,
    432.19946,
    444.554745,
    474.34223,
    486.700538,
    516.559624,
    528.913204
  ],
  "val_steps": [
    0,
    50,
    100,
    150,
    200,
    250,
    300,
    350,
    400,
    450,
    500,
    550,
    600,
    605
  ],
  "val_loss": [
    6.9292,
    3.7174,
    3.3336,
    3.1296,
    2.9267,
    2.7951,
    2.7136,
    2.6614,
    2.6174,
    2.568,
    2.5323,
    2.5026,
    2.4814,
    2.4808
  ],
  "val_bpb": [
    4.1038,
    2.2016,
    1.9744,
    1.8535,
    1.7334,
    1.6554,
    1.6071,
    1.5763,
    1.5502,
    1.5209,
    1.4998,
    1.4822,
    1.4696,
    1.4693
  ],
  "val_times": [
    42.705681,
    84.630231,
    126.465065,
    168.285091,
    210.386375,
    252.186483,
    293.985752,
    335.783899,
    378.028008,
    419.841788,
    461.640987,
    503.789857,
    545.997724,
    565.558215
  ],
  "final_loss": 2.4935,
  "final_bpb": 1.4768,
  "final_bpb_exact": 1.47676788,
  "final_size_mb": 7.632982,
  "sliding_bpb": null,
  "ttt_bpb": null,
  "description": "10L Int5-MLP + BigramHash(10240), SWA(0.4), WD=0.04 (Score: 1.1428)",
  "cached": false
}