{
  "train_steps": [
    1,
    2,
    3,
    4,
    5,
    6,
    7,
    8,
    9,
    10,
    50,
    100,
    150,
    200,
    250,
    300,
    350,
    400,
    450,
    500,
    550,
    600,
    650,
    700,
    750,
    800,
    850,
    900,
    950,
    1000,
    1050,
    1100,
    1150,
    1200
  ],
  "train_loss": [
    6.9303,
    11.4379,
    9.9336,
    8.2568,
    7.0659,
    6.5292,
    6.0886,
    6.0398,
    6.0056,
    5.9582,
    3.7761,
    3.3266,
    3.1582,
    2.8852,
    2.813,
    2.6842,
    2.6829,
    2.4599,
    2.576,
    2.5702,
    2.4609,
    2.5775,
    2.3903,
    2.5485,
    2.4476,
    2.4423,
    2.547,
    2.4689,
    2.4909,
    2.4583,
    2.4759,
    2.3534,
    2.349,
    2.3359
  ],
  "train_times": [
    47.152554,
    47.651847,
    48.150022,
    48.646977,
    49.146062,
    49.644426,
    50.142039,
    50.641828,
    51.142406,
    51.642476,
    71.346377,
    96.003291,
    137.788958,
    162.915316,
    204.708416,
    229.414325,
    271.211049,
    296.243783,
    338.030781,
    362.733733,
    404.520826,
    429.595103,
    471.39871,
    496.110176,
    538.215964,
    563.314374,
    605.100169,
    629.795618,
    671.580243,
    696.688948,
    738.484376,
    763.183902,
    805.363264,
    830.084774
  ],
  "val_steps": [
    0,
    100,
    200,
    300,
    400,
    500,
    600,
    700,
    800,
    900,
    1000,
    1100,
    1200,
    1210
  ],
  "val_loss": [
    6.9292,
    3.3419,
    2.9318,
    2.7139,
    2.625,
    2.5681,
    2.5257,
    2.5034,
    2.476,
    2.4516,
    2.4296,
    2.3876,
    2.3492,
    2.3482
  ],
  "val_bpb": [
    4.1038,
    1.9792,
    1.7364,
    1.6074,
    1.5546,
    1.521,
    1.4959,
    1.4827,
    1.4664,
    1.452,
    1.4389,
    1.4141,
    1.3913,
    1.3908
  ],
  "val_times": [
    46.615627,
    113.071037,
    179.998079,
    246.496665,
    313.326527,
    379.815531,
    446.682107,
    513.196945,
    580.400746,
    646.87734,
    713.773758,
    780.2708,
    847.170507,
    869.210696
  ],
  "final_loss": 2.3624,
  "final_bpb": 1.3991,
  "final_bpb_exact": 1.39914984,
  "final_size_mb": 7.704198,
  "sliding_bpb": null,
  "ttt_bpb": null,
  "description": "10L Int5-MLP + BigramHash(10240), SWA(0.4), WD=0.04 (Score: 1.1428)",
  "cached": false
}