{
  "train_steps": [
    1,
    2,
    3,
    4,
    5,
    6,
    7,
    8,
    9,
    10,
    25,
    50,
    75,
    100,
    125,
    150,
    175,
    200,
    225,
    250,
    275,
    300,
    325,
    350,
    375,
    400,
    425,
    450,
    475,
    500,
    525,
    550,
    575,
    600
  ],
  "train_loss": [
    6.9303,
    11.4473,
    9.9482,
    8.2696,
    7.0738,
    6.5332,
    6.0911,
    6.0407,
    6.0008,
    5.9581,
    4.824,
    3.7865,
    3.5127,
    3.3299,
    3.2196,
    3.1624,
    2.992,
    2.8863,
    2.8727,
    2.8143,
    2.721,
    2.6888,
    2.7012,
    2.6848,
    2.6872,
    2.4542,
    2.578,
    2.5591,
    2.57,
    2.5388,
    2.5936,
    2.4179,
    2.4692,
    2.5318
  ],
  "train_times": [
    42.332496,
    42.831456,
    43.330649,
    43.828524,
    44.328392,
    44.826472,
    45.324637,
    45.824302,
    46.323253,
    46.820925,
    54.208234,
    66.533782,
    96.523906,
    108.880677,
    138.370253,
    150.736693,
    180.188423,
    192.843175,
    222.295087,
    234.655693,
    264.134687,
    276.496846,
    305.951918,
    318.427514,
    347.879036,
    360.545424,
    389.991966,
    402.348881,
    432.194634,
    444.556841,
    474.032349,
    486.3919,
    516.268293,
    528.634476
  ],
  "val_steps": [
    0,
    50,
    100,
    150,
    200,
    250,
    300,
    350,
    400,
    450,
    500,
    550,
    600,
    604
  ],
  "val_loss": [
    6.9292,
    3.7402,
    3.3413,
    3.1314,
    2.9284,
    2.7957,
    2.7175,
    2.6651,
    2.619,
    2.5697,
    2.5337,
    2.5038,
    2.4831,
    2.4828
  ],
  "val_bpb": [
    4.1038,
    2.2151,
    1.9789,
    1.8546,
    1.7344,
    1.6558,
    1.6094,
    1.5784,
    1.5511,
    1.5219,
    1.5006,
    1.4829,
    1.4706,
    1.4704
  ],
  "val_times": [
    41.800404,
    83.575053,
    125.962105,
    167.82618,
    209.932435,
    251.772912,
    293.588668,
    335.520617,
    377.634771,
    419.82567,
    461.666317,
    503.486532,
    545.726408,
    564.796365
  ],
  "final_loss": 2.4964,
  "final_bpb": 1.4785,
  "final_bpb_exact": 1.47852574,
  "final_size_mb": 7.633006,
  "sliding_bpb": null,
  "ttt_bpb": null,
  "description": "10L Int5-MLP + BigramHash(10240), SWA(0.4), WD=0.04 (Score: 1.1428)",
  "cached": false
}