{
  "train_steps": [
    1,
    2,
    3,
    4,
    5,
    6,
    7,
    8,
    9,
    10,
    25,
    50,
    75,
    100,
    125,
    150,
    175,
    200,
    225,
    250,
    275,
    300,
    325,
    350,
    375,
    400,
    425,
    450,
    475,
    500
  ],
  "train_loss": [
    6.9325,
    11.3404,
    9.81,
    8.208,
    7.0689,
    6.5496,
    6.0955,
    6.0403,
    5.9787,
    5.9413,
    4.7383,
    3.7678,
    3.5085,
    3.3204,
    3.2229,
    3.1434,
    2.9674,
    2.863,
    2.8476,
    2.7948,
    2.6974,
    2.6588,
    2.6621,
    2.6376,
    2.6363,
    2.4098,
    2.5346,
    2.5173,
    2.5312,
    2.5076
  ],
  "train_times": [
    59.544452,
    60.149008,
    60.748336,
    61.3484,
    61.950272,
    62.549404,
    63.148197,
    63.746585,
    64.347346,
    64.948306,
    73.77609,
    88.485717,
    123.63515,
    138.372504,
    173.523673,
    188.23371,
    224.194457,
    239.247032,
    274.396388,
    289.104593,
    324.267669,
    338.974623,
    374.122487,
    388.830411,
    423.987155,
    439.106041,
    474.263152,
    488.969945,
    524.112447,
    538.819482
  ],
  "val_steps": [
    0,
    50,
    100,
    150,
    200,
    250,
    300,
    350,
    400,
    450,
    500,
    508
  ],
  "val_loss": [
    6.9314,
    3.7158,
    3.3287,
    3.1132,
    2.9033,
    2.7734,
    2.6846,
    2.6192,
    2.5712,
    2.5275,
    2.5011,
    2.5
  ],
  "val_bpb": [
    4.1052,
    2.2007,
    1.9715,
    1.8438,
    1.7195,
    1.6426,
    1.59,
    1.5512,
    1.5228,
    1.4969,
    1.4813,
    1.4807
  ],
  "val_times": [
    58.915885,
    108.919214,
    158.812357,
    208.879555,
    259.686882,
    309.53917,
    359.410633,
    409.279243,
    459.539555,
    509.405404,
    559.257065,
    584.405378
  ],
  "final_loss": 2.5101,
  "final_bpb": 1.4866,
  "final_bpb_exact": 1.4865959,
  "final_size_mb": 8.749625,
  "sliding_bpb": null,
  "ttt_bpb": null,
  "description": "10L Int5-MLP + BigramHash(10240), SWA(0.4), WD=0.04 (Score: 1.1428)",
  "cached": false,
  "_config_hash": "184e0e20e703",
  "_run_time": 608.26514,
  "_run_dir": "runs/SOTA_Int5MLP_BigramHash_with_multi_hash_layer6_20260405_113817"
}