{
  "train_steps": [
    1,
    2,
    3,
    4,
    5,
    6,
    7,
    8,
    9,
    10,
    25,
    50,
    75,
    100,
    125,
    150,
    175,
    200,
    225,
    250,
    275,
    300,
    325,
    350,
    375,
    400,
    425,
    450,
    475,
    500,
    525,
    550,
    575,
    600,
    625,
    650,
    675,
    700,
    725,
    750,
    775,
    800,
    825,
    850,
    875,
    900,
    925,
    950,
    975,
    1000,
    1025,
    1050,
    1075,
    1100,
    1125,
    1150,
    1175,
    1200,
    1225,
    1250,
    1275,
    1300,
    1325,
    1350,
    1375,
    1400,
    1425,
    1450,
    1475,
    1500,
    1525,
    1550,
    1575,
    1600,
    1625,
    1650,
    1675,
    1700,
    1725,
    1750,
    1775,
    1800,
    1825,
    1850,
    1875,
    1900,
    1925,
    1950,
    1975,
    2000,
    2025,
    2050,
    2075,
    2100,
    2125,
    2150,
    2175,
    2200,
    2225,
    2250,
    2275,
    2300,
    2325,
    2350,
    2375
  ],
  "train_loss": [
    6.9329,
    11.7515,
    10.3973,
    8.5733,
    7.2815,
    6.5447,
    6.1677,
    6.0548,
    6.0245,
    6.0371,
    4.8902,
    3.9426,
    3.6121,
    3.6856,
    3.3605,
    3.3352,
    3.3342,
    3.2452,
    3.0742,
    2.9988,
    3.0824,
    2.9631,
    2.8938,
    2.831,
    2.849,
    2.8917,
    2.8591,
    2.7212,
    2.8134,
    2.8102,
    2.8443,
    2.7416,
    2.6185,
    2.7676,
    2.7175,
    2.6777,
    2.6911,
    2.5591,
    2.6256,
    2.6818,
    2.6772,
    2.6674,
    2.5969,
    2.7171,
    2.683,
    2.6773,
    2.626,
    2.6491,
    2.5976,
    2.6348,
    2.6076,
    2.6624,
    2.6059,
    2.6116,
    2.5893,
    2.5192,
    2.6794,
    2.5784,
    2.5422,
    2.5859,
    2.6025,
    2.6065,
    2.5887,
    2.6353,
    2.5816,
    2.5613,
    2.6606,
    2.5433,
    2.5408,
    2.5783,
    2.6221,
    2.5809,
    2.5534,
    2.398,
    2.5558,
    2.5508,
    2.5716,
    2.5461,
    2.5959,
    2.4843,
    2.5753,
    2.5795,
    2.3685,
    2.5239,
    2.5343,
    2.5089,
    2.5672,
    2.5595,
    2.5676,
    2.5909,
    2.5335,
    2.4134,
    2.5132,
    2.6374,
    2.4691,
    2.4284,
    2.4801,
    2.3353,
    2.5926,
    2.483,
    2.4439,
    2.4089,
    2.4498,
    2.3611,
    2.2731
  ],
  "train_times": [
    44.026842,
    44.161776,
    44.295151,
    44.428906,
    44.566686,
    44.698833,
    44.830248,
    44.96383,
    45.095864,
    45.228877,
    47.102155,
    50.235185,
    70.444074,
    73.563859,
    93.771992,
    96.891995,
    117.099308,
    120.243387,
    140.45628,
    143.574749,
    163.784196,
    166.90009,
    187.418678,
    190.58112,
    210.789118,
    213.905207,
    234.143688,
    237.260562,
    257.480922,
    260.596953,
    280.815576,
    283.941752,
    304.155187,
    307.272015,
    327.484308,
    330.638218,
    350.851488,
    353.9691,
    374.182304,
    377.298242,
    397.959534,
    401.230639,
    421.443291,
    424.557488,
    444.768061,
    447.887915,
    468.094426,
    471.20991,
    491.445572,
    494.563414,
    514.771364,
    517.887106,
    538.092771,
    541.295447,
    561.552988,
    564.670205,
    584.879963,
    587.995696,
    608.204277,
    611.338254,
    631.546832,
    634.661898,
    654.864546,
    657.979703,
    678.182918,
    681.299314,
    701.805505,
    704.938757,
    725.151115,
    728.28292,
    748.502766,
    752.361538,
    772.574169,
    775.692606,
    795.905485,
    799.040378,
    819.25616,
    822.375515,
    842.592891,
    845.896497,
    866.106271,
    869.243613,
    889.456297,
    892.577523,
    912.788952,
    915.906108,
    936.141342,
    939.258177,
    959.473417,
    962.591632,
    982.802211,
    985.931931,
    1006.142675,
    1009.258142,
    1029.46839,
    1032.588629,
    1052.799577,
    1055.934011,
    1076.153033,
    1079.64687,
    1099.857159,
    1103.409777,
    1123.873153,
    1126.994213,
    1147.564452
  ],
  "val_steps": [
    0,
    50,
    100,
    150,
    200,
    250,
    300,
    350,
    400,
    450,
    500,
    550,
    600,
    650,
    700,
    750,
    800,
    850,
    900,
    950,
    1000,
    1050,
    1100,
    1150,
    1200,
    1250,
    1300,
    1350,
    1400,
    1450,
    1500,
    1550,
    1600,
    1650,
    1700,
    1750,
    1800,
    1850,
    1900,
    1950,
    2000,
    2050,
    2100,
    2150,
    2200,
    2250,
    2300,
    2350,
    2376
  ],
  "val_loss": [
    6.9292,
    3.8581,
    3.5035,
    3.3347,
    3.2127,
    3.0563,
    2.9559,
    2.8888,
    2.8492,
    2.8089,
    2.7744,
    2.749,
    2.7293,
    2.704,
    2.7011,
    2.6831,
    2.684,
    2.6808,
    2.6539,
    2.6367,
    2.6407,
    2.6209,
    2.6076,
    2.6055,
    2.599,
    2.6116,
    2.59,
    2.5905,
    2.5714,
    2.5655,
    2.5831,
    2.5801,
    2.5648,
    2.5539,
    2.5691,
    2.552,
    2.55,
    2.557,
    2.5394,
    2.5395,
    2.533,
    2.5334,
    2.5255,
    2.5306,
    2.5093,
    2.4773,
    2.4525,
    2.4252,
    2.4202
  ],
  "val_bpb": [
    4.1038,
    2.285,
    2.075,
    1.975,
    1.9027,
    1.8101,
    1.7507,
    1.7109,
    1.6875,
    1.6636,
    1.6431,
    1.6281,
    1.6164,
    1.6014,
    1.5998,
    1.5891,
    1.5896,
    1.5877,
    1.5718,
    1.5616,
    1.564,
    1.5522,
    1.5444,
    1.5431,
    1.5393,
    1.5467,
    1.5339,
    1.5342,
    1.5229,
    1.5194,
    1.5299,
    1.5281,
    1.519,
    1.5126,
    1.5215,
    1.5114,
    1.5103,
    1.5144,
    1.504,
    1.504,
    1.5002,
    1.5004,
    1.4957,
    1.4988,
    1.4862,
    1.4672,
    1.4525,
    1.4363,
    1.4334
  ],
  "val_times": [
    43.857622,
    67.310504,
    90.652523,
    113.981196,
    137.337422,
    160.664368,
    183.990797,
    207.672627,
    231.019318,
    254.364751,
    277.695922,
    301.035419,
    324.366866,
    347.733651,
    371.064509,
    394.393158,
    418.320837,
    441.649962,
    464.976223,
    488.318236,
    511.65354,
    534.977716,
    558.406511,
    581.761288,
    605.089188,
    628.428143,
    651.748777,
    675.06883,
    698.684943,
    722.032605,
    745.377108,
    769.457335,
    792.785186,
    816.135351,
    839.473005,
    862.988847,
    886.337273,
    909.669374,
    933.017951,
    956.352576,
    979.6848,
    1003.025373,
    1026.347917,
    1049.68267,
    1073.029803,
    1096.740931,
    1120.754904,
    1144.445636,
    1164.778228
  ],
  "final_loss": 2.4282,
  "final_bpb": 1.4381,
  "final_bpb_exact": 1.43814107,
  "final_size_mb": 7.68443,
  "sliding_bpb": null,
  "ttt_bpb": null,
  "description": "10L Int5-MLP + BigramHash(10240), SWA(0.4), WD=0.04 (Score: 1.1428)",
  "cached": false,
  "_config_hash": "8968ef5e46c7",
  "_run_time": 1184.737871,
  "_run_dir": "runs/SOTA_Int5MLP_BigramHash_with_multi_hash_less_batch_size_20260405_113817"
}