{
  "train_steps": [
    1,
    2,
    3,
    4,
    5,
    6,
    7,
    8,
    9,
    10,
    25,
    50,
    75,
    100,
    125,
    150,
    175,
    200,
    225,
    250,
    275,
    300,
    325
  ],
  "train_loss": [
    6.9357,
    16.7428,
    14.1217,
    11.0044,
    8.4306,
    6.9243,
    6.1434,
    5.9267,
    5.8428,
    5.8079,
    5.4328,
    4.4345,
    4.0545,
    3.6046,
    3.3701,
    3.2252,
    3.0142,
    2.9017,
    2.8863,
    2.8296,
    2.7406,
    2.7064,
    2.7302
  ],
  "train_times": [
    67.343256,
    68.422822,
    69.318493,
    70.219208,
    71.124283,
    72.020995,
    72.922984,
    73.82174,
    74.722338,
    75.624547,
    88.79189,
    110.721574,
    163.218418,
    185.177909,
    237.643927,
    259.588193,
    312.072468,
    334.488231,
    386.947915,
    408.88176,
    461.336919,
    483.276712,
    535.72492
  ],
  "val_steps": [
    0,
    50,
    100,
    150,
    200,
    250,
    300,
    341
  ],
  "val_loss": [
    6.9357,
    4.3983,
    3.6178,
    3.1947,
    2.9415,
    2.8073,
    2.7365,
    2.7115
  ],
  "val_bpb": [
    4.1077,
    2.6049,
    2.1426,
    1.8921,
    1.7421,
    1.6627,
    1.6207,
    1.6059
  ],
  "val_times": [
    66.462033,
    141.271383,
    215.704381,
    290.115634,
    365.010109,
    439.40458,
    513.794743,
    580.287606
  ],
  "final_loss": 2.762,
  "final_bpb": 1.6358,
  "final_bpb_exact": 1.6357837,
  "final_size_mb": 8.914465,
  "sliding_bpb": null,
  "ttt_bpb": null,
  "description": "Baseline (Score: ~1.22)",
  "cached": false,
  "_config_hash": "cb57172387ac",
  "_run_time": 615.128712,
  "_run_dir": "runs/baseline_10min_20260405_113817"
}